{
  "success_rate": 0.72,
  "avg_recall": 0.5048271419446828,
  "avg_precision": 0.49799766785384103,
  "avg_f1": 0.4958124827795826
}