{
  "success_rate": 0.547,
  "avg_recall": 0.39784989473459115,
  "avg_precision": 0.42478875231075025,
  "avg_f1": 0.406961835015745
}