{
  "success_rate": 0.717,
  "avg_recall": 0.5217023140785028,
  "avg_precision": 0.5169725296979957,
  "avg_f1": 0.513381794546665
}